{
  "rtime": 0.40160417556762695,
  "utime": 0.33991,
  "stime": 0.042237,
  "cutime": 0.0,
  "cstime": 0.0,
  "minor_words": 17857276.0,
  "promoted_words": 3262176.0,
  "major_words": 3554083.0,
  "minor_collections": 23,
  "major_collections": 4,
  "compactions": 0,
  "top_heap_words": 3487232
}