{
  "rtime": 0.40122509002685547,
  "utime": 0.33979,
  "stime": 0.042052,
  "cutime": 0.0,
  "cstime": 0.0,
  "minor_words": 17853491.0,
  "promoted_words": 3262176.0,
  "major_words": 3554080.0,
  "minor_collections": 23,
  "major_collections": 4,
  "compactions": 0,
  "top_heap_words": 3487232
}