{
  "rtime": 0.40215420722961426,
  "utime": 0.340033,
  "stime": 0.042633,
  "cutime": 0.0,
  "cstime": 0.0,
  "minor_words": 17868585.0,
  "promoted_words": 3262176.0,
  "major_words": 3554092.0,
  "minor_collections": 23,
  "major_collections": 4,
  "compactions": 0,
  "top_heap_words": 3487232
}