{
  "rtime": 0.6011900901794434,
  "utime": 0.518614,
  "stime": 0.05873,
  "cutime": 0.0,
  "cstime": 0.0,
  "minor_words": 16366515.0,
  "promoted_words": 3086312.0,
  "major_words": 3745153.0,
  "minor_collections": 22,
  "major_collections": 4,
  "compactions": 0,
  "top_heap_words": 3487232
}