{
  "rtime": 0.6009321212768555,
  "utime": 0.518503,
  "stime": 0.058583,
  "cutime": 0.0,
  "cstime": 0.0,
  "minor_words": 16355307.0,
  "promoted_words": 3086312.0,
  "major_words": 3745144.0,
  "minor_collections": 22,
  "major_collections": 4,
  "compactions": 0,
  "top_heap_words": 3487232
}