{
  "rtime": 0.6010210514068604,
  "utime": 0.51854,
  "stime": 0.058635,
  "cutime": 0.0,
  "cstime": 0.0,
  "minor_words": 16359043.0,
  "promoted_words": 3086312.0,
  "major_words": 3745147.0,
  "minor_collections": 22,
  "major_collections": 4,
  "compactions": 0,
  "top_heap_words": 3487232
}