{
  "rtime": 0.4017770290374756,
  "utime": 0.339948,
  "stime": 0.042371,
  "cutime": 0.0,
  "cstime": 0.0,
  "minor_words": 17861061.0,
  "promoted_words": 3262176.0,
  "major_words": 3554086.0,
  "minor_collections": 23,
  "major_collections": 4,
  "compactions": 0,
  "top_heap_words": 3487232
}