{
  "rtime": 0.40198421478271484,
  "utime": 0.339996,
  "stime": 0.042513,
  "cutime": 0.0,
  "cstime": 0.0,
  "minor_words": 17864797.0,
  "promoted_words": 3262176.0,
  "major_words": 3554089.0,
  "minor_collections": 23,
  "major_collections": 4,
  "compactions": 0,
  "top_heap_words": 3487232
}