{
  "rtime": 0.40230822563171387,
  "utime": 0.340067,
  "stime": 0.042742,
  "cutime": 0.0,
  "cstime": 0.0,
  "minor_words": 17872373.0,
  "promoted_words": 3262176.0,
  "major_words": 3554095.0,
  "minor_collections": 23,
  "major_collections": 4,
  "compactions": 0,
  "top_heap_words": 3487232
}