{
  "rtime": 0.006737947463989258,
  "utime": 0.0033710000000000003,
  "stime": 0.003106,
  "cutime": 0.0,
  "cstime": 0.0,
  "minor_words": 170033.0,
  "promoted_words": 4022.0,
  "major_words": 252518.0,
  "minor_collections": 1,
  "major_collections": 0,
  "compactions": 0,
  "top_heap_words": 491520
}