{
  "rtime": 0.02527904510498047,
  "utime": 0.021962,
  "stime": 0.00264,
  "cutime": 0.0,
  "cstime": 0.0,
  "minor_words": 265959.0,
  "promoted_words": 4467.0,
  "major_words": 73411.0,
  "minor_collections": 1,
  "major_collections": 0,
  "compactions": 0,
  "top_heap_words": 491520
}