{
  "rtime": 0.03414797782897949,
  "utime": 0.027943999999999997,
  "stime": 0.002857,
  "cutime": 0.0,
  "cstime": 0.0,
  "minor_words": 267137.0,
  "promoted_words": 4467.0,
  "major_words": 73750.0,
  "minor_collections": 1,
  "major_collections": 0,
  "compactions": 0,
  "top_heap_words": 491520
}