{
  "rtime": 0.2464439868927002,
  "utime": 0.21309999999999998,
  "stime": 0.018614,
  "cutime": 0.0,
  "cstime": 0.0,
  "minor_words": 39749253.0,
  "promoted_words": 642728.0,
  "major_words": 968517.0,
  "minor_collections": 38,
  "major_collections": 3,
  "compactions": 0,
  "top_heap_words": 860672
}