{
  "rtime": 0.08617210388183594,
  "utime": 0.048913000000000005,
  "stime": 0.011037,
  "cutime": 0.0,
  "cstime": 0.0,
  "minor_words": 5969687.0,
  "promoted_words": 251871.0,
  "major_words": 584572.0,
  "minor_collections": 6,
  "major_collections": 1,
  "compactions": 0,
  "top_heap_words": 565248
}