{
  "rtime": 0.03162193298339844,
  "utime": 0.026512,
  "stime": 0.002046000000000001,
  "cutime": 0.0,
  "cstime": 0.0,
  "minor_words": 246654.0,
  "promoted_words": 4467.0,
  "major_words": 14716.0,
  "minor_collections": 1,
  "major_collections": 0,
  "compactions": 0,
  "top_heap_words": 491520
}