{
  "rtime": 0.012181997299194336,
  "utime": 0.009426,
  "stime": 0.002306,
  "cutime": 0.0,
  "cstime": 0.0,
  "minor_words": 248072.0,
  "promoted_words": 4451.0,
  "major_words": 7561.0,
  "minor_collections": 1,
  "major_collections": 0,
  "compactions": 0,
  "top_heap_words": 491520
}