{
  "rtime": 0.23862099647521973,
  "utime": 0.16520600000000002,
  "stime": 0.019083,
  "cutime": 0.0,
  "cstime": 0.0,
  "minor_words": 32912783.0,
  "promoted_words": 766372.0,
  "major_words": 1127507.0,
  "minor_collections": 32,
  "major_collections": 4,
  "compactions": 0,
  "top_heap_words": 860672
}