{
  "rtime": 0.03431105613708496,
  "utime": 0.023018999999999998,
  "stime": 0.006273000000000001,
  "cutime": 0.0,
  "cstime": 0.0,
  "minor_words": 931271.0,
  "promoted_words": 4451.0,
  "major_words": 223553.0,
  "minor_collections": 1,
  "major_collections": 0,
  "compactions": 0,
  "top_heap_words": 491520
}